﻿Code,License Type,Indicator Name,Long definition,Source,Topic,Periodicity,General comments
SH.DYN.MORT.Q5,Open,"Under-5 mortality rate (per 1,000 live births): Q5 (highest)","Under-5 mortality rate: Number of deaths to children under age five years per 1000 live births, based on experience during the reference period before the survey. The reference period is ten years preceding the survey for DHS surveys, and the reference period varies for MICS surveys (often three to five years preceding the survey).","Household Surveys (DHS, MICS)",Quintile: Health,Annual,"Data disaggregated by wealth quintile provide insights into health differentials by socioeconomic status and allow problems particular to the poor, such as unequal access to health care to be identified. The table shows the estimates for the poorest and richest quintiles only; the full set of estimates for up to 70 indicators is available at http://data.worldbank.org/data-catalog/healthnutrition-population-statistics. The estimates in the table are based on household survey data, which may refer to a period preceding the survey date or use a definition or methodology different from the estimates in the other tables. Thus the estimates may differ, and caution should be exercised in using the data."
SH.DYN.MORT.Q4,Open,"Under-5 mortality rate (per 1,000 live births): Q4","Under-5 mortality rate: Number of deaths to children under age five years per 1000 live births, based on experience during the reference period before the survey. The reference period is ten years preceding the survey for DHS surveys, and the reference period varies for MICS surveys (often three to five years preceding the survey).","Household Surveys (DHS, MICS)",Quintile: Health,Annual,
SH.DYN.MORT.Q3,Open,"Under-5 mortality rate (per 1,000 live births): Q3","Under-5 mortality rate: Number of deaths to children under age five years per 1000 live births, based on experience during the reference period before the survey. The reference period is ten years preceding the survey for DHS surveys, and the reference period varies for MICS surveys (often three to five years preceding the survey).","Household Surveys (DHS, MICS)",Quintile: Health,Annual,
SH.DYN.MORT.Q2,Open,"Under-5 mortality rate (per 1,000 live births): Q2","Under-5 mortality rate: Number of deaths to children under age five years per 1000 live births, based on experience during the reference period before the survey. The reference period is ten years preceding the survey for DHS surveys, and the reference period varies for MICS surveys (often three to five years preceding the survey).","Household Surveys (DHS, MICS)",Quintile: Health,Annual,
SH.DYN.MORT.Q1,Open,"Under-5 mortality rate (per 1,000 live births): Q1 (lowest)","Under-5 mortality rate: Number of deaths to children under age five years per 1000 live births, based on experience during the reference period before the survey. The reference period is ten years preceding the survey for DHS surveys, and the reference period varies for MICS surveys (often three to five years preceding the survey).","Household Surveys (DHS, MICS)",Quintile: Health,Annual,"Data disaggregated by wealth quintile provide insights into health differentials by socioeconomic status and allow problems particular to the poor, such as unequal access to health care to be identified. The table shows the estimates for the poorest and richest quintiles only; the full set of estimates for up to 70 indicators is available at http://data.worldbank.org/data-catalog/healthnutrition-population-statistics. The estimates in the table are based on household survey data, which may refer to a period preceding the survey date or use a definition or methodology different from the estimates in the other tables. Thus the estimates may differ, and caution should be exercised in using the data."
SH.STA.ORHF.Q5.ZS,Open,"Treatment of diarrhea (ORS, RHS or increased fluids) (% of children under 5): Q5 (highest)","Treatment of diarrhea (ORS, RHS or increased fluids): Percentage of children under age five years with diarrhea in the two weeks preceding the survey who received oral rehydration solution (ORS), recommended home solution (RHS) or increased fluids.","Household Surveys (DHS, MICS)",Quintile: Health,Annual,"Data disaggregated by wealth quintile provide insights into health differentials by socioeconomic status and allow problems particular to the poor, such as unequal access to health care to be identified. The table shows the estimates for the poorest and richest quintiles only; the full set of estimates for up to 70 indicators is available at http://data.worldbank.org/data-catalog/healthnutrition-population-statistics. The estimates in the table are based on household survey data, which may refer to a period preceding the survey date or use a definition or methodology different from the estimates in the other tables. Thus the estimates may differ, and caution should be exercised in using the data."
SH.STA.ORHF.Q4.ZS,Open,"Treatment of diarrhea (ORS, RHS or increased fluids) (% of children under 5): Q4","Treatment of diarrhea (ORS, RHS or increased fluids): Percentage of children under age five years with diarrhea in the two weeks preceding the survey who received oral rehydration solution (ORS), recommended home solution (RHS) or increased fluids.","Household Surveys (DHS, MICS)",Quintile: Health,Annual,
SH.STA.ORHF.Q3.ZS,Open,"Treatment of diarrhea (ORS, RHS or increased fluids) (% of children under 5): Q3","Treatment of diarrhea (ORS, RHS or increased fluids): Percentage of children under age five years with diarrhea in the two weeks preceding the survey who received oral rehydration solution (ORS), recommended home solution (RHS) or increased fluids.","Household Surveys (DHS, MICS)",Quintile: Health,Annual,
SH.STA.ORHF.Q2.ZS,Open,"Treatment of diarrhea (ORS, RHS or increased fluids) (% of children under 5): Q2","Treatment of diarrhea (ORS, RHS or increased fluids): Percentage of children under age five years with diarrhea in the two weeks preceding the survey who received oral rehydration solution (ORS), recommended home solution (RHS) or increased fluids.","Household Surveys (DHS, MICS)",Quintile: Health,Annual,
SH.STA.ORHF.Q1.ZS,Open,"Treatment of diarrhea (ORS, RHS or increased fluids) (% of children under 5): Q1 (lowest)","Treatment of diarrhea (ORS, RHS or increased fluids): Percentage of children under age five years with diarrhea in the two weeks preceding the survey who received oral rehydration solution (ORS), recommended home solution (RHS) or increased fluids.","Household Surveys (DHS, MICS)",Quintile: Health,Annual,"Data disaggregated by wealth quintile provide insights into health differentials by socioeconomic status and allow problems particular to the poor, such as unequal access to health care to be identified. The table shows the estimates for the poorest and richest quintiles only; the full set of estimates for up to 70 indicators is available at http://data.worldbank.org/data-catalog/healthnutrition-population-statistics. The estimates in the table are based on household survey data, which may refer to a period preceding the survey date or use a definition or methodology different from the estimates in the other tables. Thus the estimates may differ, and caution should be exercised in using the data."
